{
  "vagas": [
    {
      "id": 1,
      "nome": " Desenvolvedor Front-End Projetos   ",
      "foto": "foto1.jpg",
      "descricao": "Trabalhar com Projetos Angular",
      "salario": 5000
    },
    {
      "id": 2,
      "nome": " Desenvolvedor Back-End Pleno",
      "foto": "foto2.jpg",
      "descricao": "Trabalhar com Spring Boot",
      "salario": 5000
    },
    {
      "id": 3,
      "nome": " Desenvolvedor Full-Stack Sênior",
      "foto": "foto3.jpg",
      "descricao": "Trabalhar com Angular e Spring",
      "salario": 10000
    }
  ]
}